+1	36	1	AGCGCCCAGCTCGCCGCGCAGACCGCCCATCGGGCG
+1	33	1	AGCGCGCAGCTGGCCGTCCAGACCGCACGACGG
+1	21	1	CAAAGGCAGTTCATCGAACGC
+1	51	1	CAGAGCCAGTTCTCCGTACCGCTGAGCCGGCCGCCCGCGTCCCGGCGGGAC
+1	9	1	CAGTTCGAC
+1	3	1	CCC
+1	27	1	CCCGACGCCGACCTGTCCGCACCGGCC
+1	18	1	CCCGCGGCCGACCTGTCC
+1	18	1	CCCGGCGACGACCTGTGC
+1	18	1	CCGGAGAACGGCACCTCG
+1	3	2	CTC
+1	12	1	CTCACACTGCGC
+1	15	1	CTCACACTGCGCGTG
+1	15	1	CTCACCCTCGAGGTG
+1	6	1	CTCTCG
+1	3	7	CTG
+1	6	1	CTGACC
+1	48	1	GCCCAGTTCATCAGCAACCCGGTGCCGGCCTCGCCCACCGACCGGGGC
+1	27	1	GCCGGCGACCCGGCGGGCTGCCACACC
+1	15	1	GGCCGTGACCTCACG
+1	3	1	GTG
+1	3	88	TTA
+1	36	1	TTCGTCGCCACCCCGGTGCCCGCCCGTGACGACCAC
+1	3	1	TTG
